{
    "keyboard_name": "Keychron Q65",
    "manufacturer": "Keychron",
    "url": "https://github.com/Keychron",
    "maintainer": "lalalademaxiya1",
    "usb": {
        "vid": "0x3434",
        "pid": "0x01B1",
        "device_version": "1.0.1"
    },
    "layouts": {
        "LAYOUT_ansi_73": {
            "layout": [
                {"label":"Mute", "x":0, "y":0},
                {"label":"Esc", "x":1.5, "y":0.25},
                {"label":"!1", "x":2.5, "y":0.25},
                {"label":"2@", "x":3.5, "y":0.25},
                {"label":"3#", "x":4.5, "y":0.25},
                {"label":"4$", "x":5.5, "y":0.25},
                {"label":"5%", "x":6.5, "y":0.25},
                {"label":"6^", "x":7.5, "y":0.25},
                {"label":"7&", "x":8.5, "y":0.25},
                {"label":"8*", "x":9.5, "y":0.25},
                {"label":"9(", "x":10.5, "y":0.25},
                {"label":"0)", "x":11.5, "y":0.25},
                {"label":"-_", "x":12.5, "y":0.25},
                {"label":"=+", "x":13.5, "y":0.25},
                {"label":"Backspace", "x":14.5, "y":0.25, "w":2},
                {"label":"Del", "x":17, "y":0.25},

                {"label":"M2", "x":0, "y":1.25},
                {"label":"Tab", "x":1.5, "y":1.25, "w":1.5},
                {"label":"Q", "x":3, "y":1.25},
                {"label":"W", "x":4, "y":1.25},
                {"label":"E", "x":5, "y":1.25},
                {"label":"R", "x":6, "y":1.25},
                {"label":"T", "x":7, "y":1.25},
                {"label":"Y", "x":8, "y":1.25},
                {"label":"U", "x":9, "y":1.25},
                {"label":"I", "x":10, "y":1.25},
                {"label":"O", "x":11, "y":1.25},
                {"label":"P", "x":12, "y":1.25},
                {"label":"[{", "x":13, "y":1.25},
                {"label":"]}", "x":14, "y":1.25},
                {"label":"\\|", "x":15, "y":1.25, "w":1.5},
                {"label":"PgUp", "x":17, "y":1.25},

                {"label":"M3", "x":0, "y":2.25},
                {"label":"Caps Lock", "x":1.5, "y":2.25, "w":1.75},
                {"label":"A", "x":3.25, "y":2.25},
                {"label":"S", "x":4.25, "y":2.25},
                {"label":"D", "x":5.25, "y":2.25},
                {"label":"F", "x":6.25, "y":2.25},
                {"label":"G", "x":7.25, "y":2.25},
                {"label":"H", "x":8.25, "y":2.25},
                {"label":"J", "x":9.25, "y":2.25},
                {"label":"K", "x":10.25, "y":2.25},
                {"label":"L", "x":11.25, "y":2.25},
                {"label":";:", "x":12.25, "y":2.25},
                {"label":"'\"", "x":13.25, "y":2.25},
                {"label":"Enter", "x":14.25, "y":2.25, "w":2.25},
                {"label":"PgDn", "x":17, "y":2.25},

                {"label":"M4", "x":0, "y":3.25},
                {"label":"Shift", "x":1.5, "y":3.25, "w":2.25},
                {"label":"Z", "x":3.75, "y":3.25},
                {"label":"X", "x":4.75, "y":3.25},
                {"label":"C", "x":5.75, "y":3.25},
                {"label":"V", "x":6.75, "y":3.25},
                {"label":"B", "x":7.75, "y":3.25},
                {"label":"N", "x":8.75, "y":3.25},
                {"label":"M", "x":9.75, "y":3.25},
                {"label":",<", "x":10.75, "y":3.25},
                {"label":".>", "x":11.75, "y":3.25},
                {"label":"/?", "x":12.75, "y":3.25},
                {"label":"Shift", "x":13.75, "y":3.25, "w":1.75},
                {"label":"Home", "x":17, "y":3.25},
                {"label":"Up", "x":15.75, "y":3.5},

                {"label":"M5", "x":0, "y":4.25},
                {"label":"Ctrl", "x":1.5, "y":4.25, "w":1.25},
                {"label":"Win", "x":2.75, "y":4.25, "w":1.25},
                {"label":"Alt", "x":4, "y":4.25, "w":1.25},
                {"label":"Space", "x":5.25, "y":4.25, "w":6.25},
                {"label":"Alt", "x":11.5, "y":4.25},
                {"label":"Fn1", "x":12.5, "y":4.25},
                {"label":"Fn2", "x":13.5, "y":4.25},
                {"label":"Left", "x":14.75, "y":4.5},
                {"label":"Down", "x":15.75, "y":4.5},
                {"label":"Right", "x":16.75, "y":4.5}
            ]
        },
        "LAYOUT_all": {
            "layout": [
                {"label":"CCW", "x":0, "y":0, "w":0.6, "h":0.5},
                {"label":"Mute", "x":0.1, "y":0.5},
                {"label":"CW", "x":0.6, "y":0, "w":0.6, "h":0.5},
                {"label":"Esc", "x":1.5, "y":0.75},
                {"label":"1!", "x":2.5, "y":0.75},
                {"label":"2@", "x":3.5, "y":0.75},
                {"label":"3#", "x":4.5, "y":0.75},
                {"label":"4$", "x":5.5, "y":0.75},
                {"label":"5%", "x":6.5, "y":0.75},
                {"label":"6^", "x":7.5, "y":0.75},
                {"label":"7&", "x":8.5, "y":0.75},
                {"label":"8*", "x":9.5, "y":0.75},
                {"label":"9(", "x":10.5, "y":0.75},
                {"label":"0)", "x":11.5, "y":0.75},
                {"label":"-_", "x":12.5, "y":0.75},
                {"label":"=+", "x":13.5, "y":0.75},
                {"label":"Backspace", "x":14.5, "y":0.75, "w":2},
                {"label":"Del", "x":17, "y":0.75},

                {"label":"M2", "x":0, "y":1.75},
                {"label":"Tab", "x":1.5, "y":1.75, "w":1.5},
                {"label":"Q", "x":3.0, "y":1.75},
                {"label":"W", "x":4.0, "y":1.75},
                {"label":"E", "x":5.0, "y":1.75},
                {"label":"R", "x":6.0, "y":1.75},
                {"label":"T", "x":7.0, "y":1.75},
                {"label":"Y", "x":8.0, "y":1.75},
                {"label":"U", "x":9.0, "y":1.75},
                {"label":"I", "x":10.0, "y":1.75},
                {"label":"O", "x":11.0, "y":1.75},
                {"label":"P", "x":12.0, "y":1.75},
                {"label":"[{", "x":13.0, "y":1.75},
                {"label":"]}", "x":14.0, "y":1.75},
                {"label":"\\|", "x":15.0, "y":1.75, "w":1.5},
                {"label":"PgUp", "x":17.0, "y":1.75},

                {"label":"M3", "x":0, "y":2.75},
                {"label":"Caps Lock", "x":1.5, "y":2.75, "w":1.75},
                {"label":"A", "x":3.25, "y":2.75},
                {"label":"S", "x":4.25, "y":2.75},
                {"label":"D", "x":5.25, "y":2.75},
                {"label":"F", "x":6.25, "y":2.75},
                {"label":"G", "x":7.25, "y":2.75},
                {"label":"H", "x":8.25, "y":2.75},
                {"label":"J", "x":9.25, "y":2.75},
                {"label":"K", "x":10.25, "y":2.75},
                {"label":"L", "x":11.25, "y":2.75},
                {"label":";:", "x":12.25, "y":2.75},
                {"label":"'\"", "x":13.25, "y":2.75},
                {"label":"Enter", "x":14.25, "y":2.75, "w":2.25},
                {"label":"PgDn", "x":17.0, "y":2.75},

                {"label":"M4", "x":0, "y":3.75},
                {"label":"Shift", "x":1.5, "y":3.75, "w":2.25},
                {"label":"Z", "x":3.75, "y":3.75},
                {"label":"X", "x":4.75, "y":3.75},
                {"label":"C", "x":5.75, "y":3.75},
                {"label":"V", "x":6.75, "y":3.75},
                {"label":"B", "x":7.75, "y":3.75},
                {"label":"N", "x":8.75, "y":3.75},
                {"label":"M", "x":9.75, "y":3.75},
                {"label":",<", "x":10.75, "y":3.75},
                {"label":".>", "x":11.75, "y":3.75},
                {"label":"/?", "x":12.75, "y":3.75},
                {"label":"Shift", "x":13.75, "y":3.75, "w":1.75},
                {"label":"Home", "x":17.0, "y":3.75},
                {"label":"Up", "x":15.75, "y":4},

                {"label":"M5", "x":0, "y":4.75},
                {"label":"Ctrl", "x":1.5, "y":4.75, "w":1.25},
                {"label":"Win", "x":2.75, "y":4.75, "w":1.25},
                {"label":"Alt", "x":4.0, "y":4.75, "w":1.25},
                {"label":"Space", "x":5.25, "y":4.75, "w":6.25},
                {"label":"Alt", "x":11.5, "y":4.75},
                {"label":"Fn1", "x":12.5, "y":4.75},
                {"label":"Fn2", "x":13.5, "y":4.75},
                {"label":"Left", "x":14.75, "y":5},
                {"label":"Down", "x":15.75, "y":5},
                {"label":"Right", "x":16.75, "y":5}
            ]
        }
    }
}
