{
    "keyboard_name": "Keychron Q9",
    "manufacturer": "Keychron",
    "url": "https://github.com/Keychron",
    "maintainer": "lalalademaxiya1",
    "usb": {
        "vid": "0x3434",
        "pid": "0x0192",
        "device_version": "1.0.1"
    },
    "layouts": {
        "LAYOUT_iso_53": {
            "layout": [
                {"label":"Tab", "x":0, "y":0, "w":1.5},
                {"label":"Q", "x":1.5, "y":0},
                {"label":"W", "x":2.5, "y":0},
                {"label":"E", "x":3.5, "y":0},
                {"label":"R", "x":4.5, "y":0},
                {"label":"T", "x":5.5, "y":0},
                {"label":"Y", "x":6.5, "y":0},
                {"label":"U", "x":7.5, "y":0},
                {"label":"I", "x":8.5, "y":0},
                {"label":"O", "x":9.5, "y":0},
                {"label":"P", "x":10.5, "y":0},
                {"label":"[{", "x":11.5, "y":0},
                {"label":"]}", "x":12.5, "y":0},
                {"label":"Delete", "x":15.25, "y":0},

                {"label":"Caps Lock", "x":0, "y":1, "w":1.75},
                {"label":"A", "x":1.75, "y":1},
                {"label":"S", "x":2.75, "y":1},
                {"label":"D", "x":3.75, "y":1},
                {"label":"F", "x":4.75, "y":1},
                {"label":"G", "x":5.75, "y":1},
                {"label":"H", "x":6.75, "y":1},
                {"label":"J", "x":7.75, "y":1},
                {"label":"K", "x":8.75, "y":1},
                {"label":"L", "x":9.75, "y":1},
                {"label":";:", "x":10.75, "y":1},
                {"label":"'\"", "x":11.75, "y":1},
                {"label":"#~", "x":12.75, "y":1},
                {"label":"Enter", "x":13.75, "y":0, "w":1.25, "h":2},
                {"label":"Home", "x":15.25, "y":1.25},

                {"label":"Shift", "x":0, "y":2, "w":1.25},
                {"label":"\\|", "x":1.25, "y":2},
                {"label":"Z", "x":2.25, "y":2},
                {"label":"X", "x":3.25, "y":2},
                {"label":"C", "x":4.25, "y":2},
                {"label":"V", "x":5.25, "y":2},
                {"label":"B", "x":6.25, "y":2},
                {"label":"N", "x":7.25, "y":2},
                {"label":"M", "x":8.25, "y":2},
                {"label":",<", "x":9.25, "y":2},
                {"label":".>", "x":10.25, "y":2},
                {"label":"/?", "x":11.25, "y":2},
                {"label":"Shift", "x":12.25, "y":2, "w":1.75},
                {"label":"Up", "x":14, "y":2},

                {"label":"Ctrl", "x":0, "y":3, "w":1.25},
                {"label":"Win", "x":1.25, "y":3, "w":1.25},
                {"label":"Alt", "x":2.5, "y":3, "w":1.25},
                {"label":"Space", "x":3.75, "y":3, "w":6.25},
                {"label":"Alt", "x":10, "y":3},
                {"label":"Fn1", "x":11, "y":3},
                {"label":"Fn2", "x":12, "y":3},
                {"label":"Left", "x":13, "y":3},
                {"label":"Down", "x":14, "y":3},
                {"label":"Right", "x":15, "y":3}
            ]
        }
    }
}
