{
  "name": "KeebsRGB",
  "vendorId": "0xCA04",
  "productId": "0x0004",
  "lighting": "wt_rgb_backlight",
  "matrix": {"rows": 5, "cols": 14},
  "layouts": {
    "keymap": [
      [
        {
          "c": "#DEBFB3",
          "t": "#363636"
        },
        "0,0",
        {
          "c": "#ebebeb"
        },
        "0,1",
        "0,2",
        "0,3",
        "0,4",
        "0,5",
        "0,6",
        "0,7",
        "0,8",
        "0,9",
        "0,10",
        "0,11",
        "0,12",
        {
          "c": "#363636",
          "t": "#DEBFB3",
          "w": 2
        },
        "3,12"
      ],
      [
        {
          "w": 1.5
        },
        "1,0",
        {
          "c": "#ebebeb",
          "t": "#363636"
        },
        "1,1",
        "1,2",
        "1,3",
        "1,4",
        "1,5",
        "1,6",
        "1,7",
        "1,8",
        "1,9",
        "1,10",
        "1,11",
        "1,12",
        {
          "c": "#363636",
          "t": "#DEBFB3",
          "w": 1.5
        },
        "4,12"
      ],
      [
        {
          "w": 1.75
        },
        "2,0",
        {
          "c": "#ebebeb",
          "t": "#363636"
        },
        "2,1",
        "2,2",
        "2,3",
        "2,4",
        "2,5",
        "2,6",
        "2,7",
        "2,8",
        "2,9",
        "2,10",
        "2,11",
        {
          "c": "#363636",
          "t": "#DEBFB3",
          "w": 2.25
        },
        "2,12"
      ],
      [
        {
          "w": 2.25
        },
        "3,0",
        {
          "c": "#ebebeb",
          "t": "#363636"
        },
        "3,1",
        "3,2",
        "3,3",
        "3,4",
        "3,5",
        "3,6",
        "3,7",
        "3,8",
        "3,9",
        "3,10",
        {
          "c": "#363636",
          "t": "#DEBFB3",
          "w": 2.75
        },
        "3,11"
      ],
      [
        {
          "w": 1.25
        },
        "4,0",
        {
          "w": 1.25
        },
        "4,1",
        {
          "w": 1.25
        },
        "4,2",
        {
          "c": "#DEBFB3",
          "t": "#363636",
          "a": 7,
          "w": 6.25
        },
        "4,13",
        {
          "c": "#363636",
          "t": "#DEBFB3",
          "a": 4,
          "w": 1.25
        },
        "4,8",
        {
          "w": 1.25
        },
        "4,9",
        {
          "w": 1.25
        },
        "4,10",
        {
          "w": 1.25
        },
        "4,11"
      ]
    ]
  }
}