{
 "name": "CROAD k20" ,
  "vendorId": "0x1C6C",
  "productId": "0xF000",
  "lighting": "qmk_rgblight",
  "matrix": { "rows": 8, "cols": 3 },
 
  "layouts": 
  {
    "keymap": 
 [
["0,0", "0,1", "0,2", {"a":7},"7,0",
{
  "x": 0.25,
  "w": 0.75
},
"6,2",
{
  "h": 0.5
},
"7,2",
{
  "x": -1,
  "y": 0.5,
  "h": 0.5
},
"7,1"],
[{"a":4},"1,0", "1,1", "1,2", "6,1"],
["2,0", "2,1", "2,2", {"h":2}, "6,0"],
["3,0", "3,1", "3,2"],
["4,0", "4,1", "4,2", {"h":2}, "5,2" ],
[{"w":2}, "5,0", "5,1"]
 ]
  }
}