{
 "name": "CROAD k20" ,
  "vendorId": "0x1C6C",
  "productId": "0xF000",
  "lighting": {
    "extends": "qmk_rgblight",
    "underglowEffects": [
      ["None", 0],
      ["SOLID_COLOR", 1],
      ["BREATHING", 1],
      ["CYCLE_ALL", 1],
      ["CYCLE_LEFT_RIGHT", 1],
      ["CYCLE_UP_DOWN", 1],
      ["RAINBOW_MOVING_CHEVRON", 1],
      ["CYCLE_OUT_IN", 1],
      ["CYCLE_OUT_IN_DUAL", 1],
      ["CYCLE_PINWHEEL", 1],
      ["CYCKE_SPIRAL", 1],
      ["DUAL_BEACON", 1],
      ["RAINBOW_BEACON", 1],
      ["RAINDROPS", 1]
    ]
  },

  "matrix": { "rows": 8, "cols": 3 },
 
  "customKeycodes": [
    {"name": "Toggle WIN key", "title": "En-Disable WIN key", "shortName": "XWIN"},
    {"name": "Mission Control", "title": "Mission Control in macOS", "shortName": "Mission Control"},
    {"name": "Launch Pad", "title": "Launch Pad in macOS", "shortName": "Launch Pad"},
    {"name": "Left Option", "title": "Left Option in macOS", "shortName": "Left Option"},
    {"name": "Right Option", "title": "Right Option in macOS", "shortName": "Right Option"},
    {"name": "Left Cmd", "title": "Left Command in macOS", "shortName": "Left Command"},
    {"name": "Right Cmd", "title": "Right Command in macOS", "shortName": "Right Command"},
	{"name": "Task View", "title": "Task View in windows", "shortName": "Task View"},
    {"name": "File Explorer", "title": "File Explorer in windows", "shortName": "File Explorer"}
  ],

  "layouts": 
  {
    "keymap": 
 [
["0,0", "0,1", "0,2", {"a":7},"7,0",
{
  "x": 0.25,
  "w": 0.75
},
"6,2",
{
  "h": 0.5
},
"7,2",
{
  "x": -1,
  "y": 0.5,
  "h": 0.5
},
"7,1"],
[{"a":4},"1,0", "1,1", "1,2", "6,1"],
["2,0", "2,1", "2,2", {"h":2}, "6,0"],
["3,0", "3,1", "3,2"],
["4,0", "4,1", "4,2", {"h":2}, "5,2" ],
[{"w":2}, "5,0", "5,1"]
 ]
  }
}