[
  {
    "name": "Vicious40"
  },
  [
    "Esc",
    "Q",
    "W",
    "E",
    "R",
    "T",
    "Y",
    "U",
    "I",
    "O",
    "P",
    {
      "w": 1.75
    },
    "Backspace"
  ],
  [
    {
      "w": 1.25
    },
    "Tab\nFn2",
    "A",
    "S",
    "D",
    "F",
    "G",
    "H",
    "J",
    "K",
    "L",
    ":\n;",
    {
      "w": 1.5
    },
    "Enter"
  ],
  [
    {
      "w": 1.75
    },
    "Shift",
    "Z",
    "X",
    "C",
    "V",
    "B",
    "N",
    "M",
    "<\n,",
    ">\n.",
    "Up",
    "?\n/"
  ],
  [
    "Ctrl",
    "Super",
    "Alt",
    {
      "w": 2.25
    },
    "Space\nFn1",
    {
      "w": 1.25
    },
    "Space",
    {
      "w": 2.75
    },
    "Space\nFn2",
    {
      "x": 0.5
    },
    "Left",
    "Down",
    "Right"
  ],
  [
    {
      "x": 3,
      "w": 6.25
    },
    "Space\nFn1"
  ]
]