{
    "keyboard_name": "Keychron Q10",
    "manufacturer": "Keychron",
    "url": "https://github.com/Keychron",
    "maintainer": "lalalademaxiya1",
    "usb": {
        "vid": "0x3434",
        "pid": "0x01A1",
        "device_version": "1.0.1"
    },
    "layouts": {
        "LAYOUT_ansi_89": {
            "layout": [
                {"label":"Mute", "x":0.25, "y":0},
                {"label":"Esc", "x":1.75, "y":0},
                {"label":"F1", "x":3, "y":0},
                {"label":"F2", "x":4, "y":0},
                {"label":"F3", "x":5, "y":0},
                {"label":"F4", "x":6, "y":0},
                {"label":"F5", "x":7.25, "y":0},
                {"label":"F6", "x":8.25, "y":0},
                {"label":"F7", "x":11, "y":0},
                {"label":"F8", "x":12, "y":0},
                {"label":"F9", "x":13.25, "y":0},
                {"label":"F10", "x":14.25, "y":0},
                {"label":"F11", "x":15.25, "y":0},
                {"label":"F12", "x":16.25, "y":0},
                {"label":"Print", "x":17.5, "y":0},
                {"label":"Delete", "x":18.75, "y":0},

                {"label":"Light", "x":0.75, "y":1.25},
                {"label":"`~", "x":2.25, "y":1.25},
                {"label":"1!", "x":3.25, "y":1.25},
                {"label":"2@", "x":4.25, "y":1.25},
                {"label":"3#", "x":5.25, "y":1.25},
                {"label":"4$", "x":6.25, "y":1.25},
                {"label":"5%", "x":7.25, "y":1.25},
                {"label":"6^", "x":8.25, "y":1.25},
                {"label":"7&", "x":10.5, "y":1.25},
                {"label":"8*", "x":11.5, "y":1.25},
                {"label":"9(", "x":12.5, "y":1.25},
                {"label":"0)", "x":13.5, "y":1.25},
                {"label":"-_", "x":14.5, "y":1.25},
                {"label":"=+", "x":15.5, "y":1.25},
                {"label":"Backspace", "x":16.5, "y":1.25, "w":2},
                {"label":"PgDn", "x":18.75, "y":1.25},

                {"label":"1!", "x":0.5, "y":2.25},
                {"label":"Tab", "x":1.75, "y":2.25, "w":1.5},
                {"label":"Q", "x":3.25, "y":2.25},
                {"label":"W", "x":4.5, "y":2.25},
                {"label":"E", "x":5.5, "y":2.25},
                {"label":"R", "x":6.5, "y":2.25},
                {"label":"T", "x":7.5, "y":2.25},
                {"label":"Y", "x":10, "y":2.25},
                {"label":"U", "x":11, "y":2.25},
                {"label":"I", "x":12, "y":2.25},
                {"label":"O", "x":13, "y":2.25},
                {"label":"P", "x":14, "y":2.25},
                {"label":"[{", "x":15.25, "y":2.25},
                {"label":"]}", "x":16.25, "y":2.25},
                {"label":"\\|", "x":17.25, "y":2.25, "w":1.5},
                {"label":"PgUp", "x":19, "y":2.25},

                {"label":"2@", "x":0.25, "y":3.25},
                {"label":"Caps Lock", "x":1.5, "y":3.25, "w":1.75},
                {"label":"A", "x":3.25, "y":3.25},
                {"label":"S", "x":4.5, "y":3.25},
                {"label":"D", "x":5.5, "y":3.25},
                {"label":"F", "x":6.5, "y":3.25},
                {"label":"G", "x":7.5, "y":3.25},
                {"label":"H", "x":10.25, "y":3.25},
                {"label":"J", "x":11.25, "y":3.25},
                {"label":"K", "x":12.25, "y":3.25},
                {"label":"L", "x":13.25, "y":3.25},
                {"label":";:", "x":14.75, "y":3.25},
                {"label":"'\"", "x":15.75, "y":3.25},
                {"label":"Enter", "x":16.75, "y":3.25, "w":2.25},
                {"label":"Home", "x":19.25, "y":3.25},

                {"label":"3#", "x":0, "y":4.25},
                {"label":"Shift", "x":1.5, "y":4.25, "w":2.25},
                {"label":"Z", "x":3.5, "y":4.25},
                {"label":"X", "x":4.75, "y":4.25},
                {"label":"C", "x":5.75, "y":4.25},
                {"label":"V", "x":6.75, "y":4.25},
                {"label":"B", "x":7.75, "y":4.25},
                {"label":"B", "x":9.5, "y":4.25},
                {"label":"N", "x":10.5, "y":4.25},
                {"label":"M", "x":11.5, "y":4.25},
                {"label":",<", "x":12.5, "y":4.25},
                {"label":".>", "x":13.5, "y":4.25},
                {"label":"/?", "x":15.25, "y":4.25},
                {"label":"Shift", "x":16.25, "y":4.25, "w":1.75},
                {"label":"Up", "x":18.25, "y":4.5},

                {"label":"4$", "x":0, "y":5.25},
                {"label":"Ctrl", "x":1.25, "y":5.25, "w":1.25},
                {"label":"Win", "x":2.5, "y":5.25, "w":1.25},
                {"label":"Alt", "x":4.75, "y":5.25, "w":1.25},
                {"label":"Space", "x":6, "y":5.25, "w":2.25},
                {"label":"Fn1", "x":8.25, "y":5.25},
                {"label":"Space", "x":9.5, "y":5.25, "w":2.75},
                {"label":"Alt", "x":12.25, "y":5.25},
                {"label":"Left", "x":17.25, "y":5.5},
                {"label":"Down", "x":18.25, "y":5.5},
                {"label":"Right", "x":19.25, "y":5.5}
            ]
        }
    }
}
